,searchTerms,snippet
0,flights to hong kong,"Book Cheap Flights to Hong Kong: Search and compare airfares on TripAdvisor 
to find the best flights for your trip to Hong Kong. Choose the best airline for youÂ ..."
1,flights to hong kong,"Find flights to Hong Kong on Hong Kong Airlines, XiamenAir, Air China and more
. Fly round-trip from San Francisco from $344, from New York from $434, fromÂ ..."
2,flights to hong kong,"Find & book great deals on Hong Kong (HKG) Flights. Fly to Hong Kong with 
Cathay Pacific and experience award-winning service."
3,flights to hong kong,"Flights to Hong Kong SAR from airlines such as American Airlines, Delta, United, 
JetBlue, Frontier, and more. Book your flight + hotel to save up to 100% on yourÂ ..."
4,flights to hong kong,"Aug 15, 2019 ... Flights are resuming after protesters clashed with police last night at the Hong 
Kong airport. Follow here for the latest."
5,flights to hong kong,"Find cheap flights to Hong Kong Intl (HKG) in 2019 using Skyscanner's flight 
comparison tool. We compare all major airlines and travel agents for flights to 
HongÂ ..."
6,flights to hong kong,"Aug 14, 2019 ... HONG KONG (AP) â€” Flights resumed Wednesday at Hong Kong's airport after 
two days of disruptions that descended into clashes with police,Â ..."
7,flights to hong kong,"Looking for cheap flights to Hong Kong from your destination? Search for airfare 
and flight ticket deals at cheapflights.com and book your next flight today."
8,flights to hong kong,"2 days ago ... Airport officials are ready to reduce the number of flights taking off and landing in 
Hong Kong and will not rule out cancelling services altogetherÂ ..."
9,flights to hong kong,"Aug 14, 2019 ... Flights at Hong Kong International Airport mostly resumed on Wednesday 
morning, after violent clashes broke out on Tuesday night."
10,flights to bangkok,"Book Cheap Flights to Bangkok: Search and compare airfares on TripAdvisor to 
find the best flights for your trip to Bangkok. Choose the best airline for you byÂ ..."
11,flights to bangkok,"Flights to Bangkok from airlines such as American Airlines, Delta, United, JetBlue
, Frontier, and more. Book your flight + hotel to save up to 100% on your flight."
12,flights to bangkok,"Find flights to Bangkok on China Southern, Major Airline, Air China and more. Fly 
round-trip from San Francisco from $418, from New York from $438, from SanÂ ..."
13,flights to bangkok,"Flights to Bangkok (BKK, DMK): Search on Orbitz for cheap Bangkok flights, 
airlines, and airfares to Bangkok."
14,flights to bangkok,"Looking for cheap Labor Day flights to Bangkok? Compare prices from hundreds 
of major airlines Delta, United, American, etc. & travel agencies for cheapÂ ..."
15,flights to bangkok,"Cheap Flights to Bangkok, Thailand (BKK) starting at $406 round trip. Search 
hundreds of airlines for the cheapest tickets to Bangkok, Thailand!"
16,flights to bangkok,"Looking for cheap flights to Bangkok, Thailand from your destination? Search for 
airfare and flight ticket deals at cheapflights.com and book your next flightÂ ..."
17,flights to bangkok,"Find the cheapest flights from London to Bangkok on Skyscanner. Compare 
LOND to BKKT flights, browse flight prices across whole month to find the best 
deal."
18,flights to bangkok,"Looking for flights to Bangkok? Search 1000+ airlines and travel sites with 
momondo and get the cheapest flights to Bangkok."
19,flights to bangkok,"Visit the beautiful capital of Thailand with Delta's flights to Bangkok. Explore the 
historic district and the modern elements around town."
20,flights to london,"Find flights to London on Finnair, Air Canada, SWISS and more. Fly round-trip 
from San Francisco from $348, from New York from $291, from Orlando from 
$329,Â ..."
21,flights to london,"Book Cheap Flights to London: Search and compare airfares on TripAdvisor to 
find the best flights for your trip to London. Choose the best airline for you byÂ ..."
22,flights to london,"Flights to London from airlines such as American Airlines, Delta, United, JetBlue, 
Frontier, and more. Book your flight + hotel to save up to 100% on your flight."
23,flights to london,"Search the cheapest flights to London with top airlines British Airways, Air France
, Virgin America and KLM. Book free today!"
24,flights to london,"London's calling... With flights to London you can arrive at any one of the 
following airports; Gatwick, Heathrow, Stansted, Luton or London City. The 
choiceÂ ..."
25,flights to london,"Looking for cheap flights to London, England? Wander wisely with London (LHR) 
Airfare Deals from carriers such as American Airline, Delta & Frontier startingÂ ..."
26,flights to london,"Flights to London (LON, LHR, LGW, LCY): Search on Orbitz for cheap London 
flights, airlines, and airfares to London."
27,flights to london,"Fly to London (LON) and reserve your cheap flights with eDreams COM. Book 
your last minute flight deals and exclusive offers now!"
28,flights to london,"Grab cheap flights to London (LON) on CheapOair? Search hundreds of airlines 
for the cheapest tickets to London, United Kingdom. Use promo codes atÂ ..."
29,flights to london,"Looking for cheap flights to London, England from your destination? Search for 
airfare and flight ticket deals at cheapflights.com and book your next flight today."
30,flights to singapore,"Find flights to Singapore on XiamenAir, ANA, Air China and more. Fly round-trip 
from San Francisco from $488, from New York from $410, from Portland fromÂ ..."
31,flights to singapore,"Flights to Singapore from airlines such as American Airlines, Delta, United, 
JetBlue, Frontier, and more. Book your flight + hotel to save up to 100% on your 
flight."
32,flights to singapore,"Book Cheap Flights to Singapore: Search and compare airfares on TripAdvisor to 
find the best flights for your trip to Singapore. Choose the best airline for you byÂ ..."
33,flights to singapore,"Book flight tickets from Singapore to international destinations with Singapore 
Airlines. Plan your holiday with our latest travel deals and promotions."
34,flights to singapore,"Book Cheap Flights to Singapore: Search and compare airfares on TripAdvisor to 
find the best flights for your trip to Singapore. Choose the best airline for you byÂ ..."
35,flights to singapore,"Let your dreams come true when you book a cheap ticket to Singapore with 
AirAsia! Dream big, be bold and explore new terrain starting with one of our 
flights."
36,flights to singapore,"Looking for cheap flights to Singapore? Use Webjet to search for deals, compare 
airlines and find the best price for your next trip!"
37,flights to singapore,"Flights to Singapore. We compare all major airlines and travel agents for cheap 
Singapore flights. Search and Save now with Skyscanner."
38,flights to singapore,"Book cheap flights to Singapore at Skyscanner. We offer the fastest way to find 
the cheapest low-cost airline prices to airports in Malaysia. Find up-to-dateÂ ..."
39,flights to singapore,"Search for cheap flights to Singapore in 2019 by comparing thousands of deals 
on major airlines American, United, Delta & more. Book today with no addedÂ ..."
40,flights to macau,"Find flights to Macau on Philippine Airlines, XiamenAir, China Eastern and more. 
Fly round-trip from San Francisco from $477, from New York from $428, fromÂ ..."
41,flights to macau,"Book Cheap Flights to Macau: Search and compare airfares on TripAdvisor to 
find the best flights for your trip to Macau. Choose the best airline for you byÂ ..."
42,flights to macau,"Looking for cheap flights to Macau from your destination? Search for airfare and 
flight ticket deals at cheapflights.com and book your next flight today."
43,flights to macau,"Flexible on when you fly to Macau? Use the month view tool to find the cheapest 
flights to Macau or set a price alert to book when Macau flight ticket prices drop!"
44,flights to macau,"Looking for cheap air tickets to Macau SAR for 2019? âœ… Compare prices on 
Expedia to get the best flight deals and promotions for Macau SAR flights before 
youÂ ..."
45,flights to macau,"Flights to Macau. We compare all major airlines and travel agents for cheap 
Macau flights. Search and Save now at Skyscanner.net."
46,flights to macau,"At Skyscanner.com.au, we are committed to comparing millions of flights to find 
you the best possible deal in a matter of seconds. Whether you're planning a trip
Â ..."
47,flights to macau,"Book cheap International flights to Macau at MakeMyTrip India. Best airfares 
deals on Macau airlines tickets. Online booking of cheap Macau flight ticket atÂ ..."
48,flights to macau,"Find cheap flights from Macau with Skyscanner. Compare low cost, budget & 
scheduled airline flights & air travel deals â€“ book direct, no fees."
49,flights to macau,"Flights Singapore Changi to Macau. Search and compare all major airlines and 
travel agents for cheap flights Singapore Changi to Macau onÂ ..."
50,flights to dubai,"Book Cheap Flights to Dubai: Search and compare airfares on TripAdvisor to find 
the best flights for your trip to Dubai. Choose the best airline for you by readingÂ ..."
51,flights to dubai,"Find flights to Dubai on Kuwait Airways, SAUDIA, Air China and more. Fly round-
trip from Portland from $607, from Los Angeles from $374, from Bude from $572,
Â ..."
52,flights to dubai,"Try and get a seat by the window for your flights to Dubai â€“ as the plane 
descends, you'll want to see the sheer scale of its dramatic sprawl along the 
coastline,Â ..."
53,flights to dubai,"Flights to Dubai from airlines such as American Airlines, Delta, United, JetBlue, 
Frontier, and more. Book your flight + hotel to save up to 100% on your flight."
54,flights to dubai,"Book a flight to Dubai today. Free Wi-Fi, comfortable seats, and award-winning 
entertainmentâ€”all part of the Emirates experience. - Emirates United States."
55,flights to dubai,"Looking for cheap flights to Dubai, United Arab Emirates from your destination? 
Search for airfare and flight ticket deals at cheapflights.com and book your nextÂ ..."
56,flights to dubai,"Find cheap flights to Dubai (DXB) in 2019 using Skyscanner's flight comparison 
tool. We compare all major airlines and travel agents for flights to Dubai with noÂ ..."
57,flights to dubai,"Find the cheapest flights to Dubai with Skyscanner. Skyscanner compares prices 
for Dubai flights from over 600 airlines & travel agents."
58,flights to dubai,"The simple way to find cheap flights to Dubai. Quick and easy, cheapflights.co.uk 
finds the lowest prices for Dubai flights."
59,flights to dubai,"Looking for cheap flights to Dubai? Compare prices to find the best prices for 
Dubai flights at Travelsupermarket. and book online now..."
60,flights to paris,"Find flights to Paris on Lufthansa, Finnair, Air Canada and more. Fly round-trip 
from New York from $252, from Santa Ana from $291, from Los Angeles fromÂ ..."
61,flights to paris,"Looking for cheap flights to Paris, France from your destination? Search for 
airfare and flight ticket deals at cheapflights.com and book your next flight today."
62,flights to paris,"Flights to Paris from airlines such as American Airlines, Delta, United, JetBlue, 
Frontier, and more. Book your flight + hotel to save up to 100% on your flight."
63,flights to paris,"Book Cheap Flights to Paris: Search and compare airfares on TripAdvisor to find 
the best flights for your trip to Paris. Choose the best airline for you by readingÂ ..."
64,flights to paris,"Book Cheap Flights to Paris (PAR) starting at $238 round trip. Search hundreds 
of airlines for the cheapest tickets to Paris, France!"
65,flights to paris,"Looking for cheap Labor Day flights to Paris? Compare prices from hundreds of 
major airlines Delta, United, American, etc. & travel agencies for cheap ParisÂ ..."
66,flights to paris,"Looking for cheap flights to Paris, Ile-de-France? Wander wisely with Paris (PAR) 
Airfare Deals from carriers such as American Airline, Delta & Frontier startingÂ ..."
67,flights to paris,"Looking for flights to Paris? Orbitz offers cheap Paris (PAR, CDG, ORY, BVA) 
flights from a variety of airlines and airfares."
68,flights to paris,"Cheap flights to Paris (France) âœˆ Compare airfares for Paris flights âœˆ Find the 
best deals and save now with Jetcost."
69,flights to paris,"Paris - Air France - Discover all of our cheap flights to Paris. Take off to discover 
France's capital and its history and take advantage of our exceptional rates!"
70,flights to new york city,"Find flights to New York on United Airlines, Allegiant Air, Spirit Airlines and more. 
Fly round-trip from Knoxville from $78, from Charlotte from $64, from ChicagoÂ ..."
71,flights to new york city,"Book Cheap Flights to New York City: Search and compare airfares on 
TripAdvisor to find the best flights for your trip to New York City. Choose the best 
airlineÂ ..."
72,flights to new york city,"It's always a good time to book New York flights. Summer brings balmy weather 
and sunshine, while winter dusts the city with snow. September and NovemberÂ ..."
73,flights to new york city,"Looking for cheap flights to New York, New York (NY) from your destination? 
Search for airfare and flight ticket deals at cheapflights.com and book your nextÂ ..."
74,flights to new york city,"Cheap Flights to New York. In addition to being the most populous city in North 
America, New York City is the focal point of American business, culture andÂ ..."
75,flights to new york city,"Flights to New York (NYC, JFK, EWR, LGA): Search on Orbitz for cheap New York 
flights, airlines, and airfares to New York."
76,flights to new york city,"Book cheap flights to New York City (NYC). Search hundreds of airlines for the 
cheapest tickets to New York City, New York! $97."
77,flights to new york city,"Looking for cheap flights to New York? Browse through ... Consider alternate 
airports when searching New York flights ... The Roosevelt Hotel, New York City."
78,flights to new york city,"Looking for cheap flights to New York, New York? Wander wisely with New York (
NYC) Airfare Deals from carriers such as American Airline, Delta & FrontierÂ ..."
79,flights to new york city,"Number of Passengers/Cabin. 1 adult/Economy. Nonstop Only. Flexible Dates 
depart 1 day before, return 1 day after. Flights from New York City, NY. Las Vegas
."
80,flights to shenzhen,"Find flights to Shenzhen on XiamenAir, Hainan Airlines, Sichuan Airlines and 
more. Fly round-trip from San Francisco from $409, from New York from $459, 
fromÂ ..."
81,flights to shenzhen,"Flights to Shenzhen from airlines such as American Airlines, Delta, United, 
JetBlue, Frontier, and more. Book your flight + hotel to save up to 100% on your 
flight."
82,flights to shenzhen,"Book Cheap Flights to Shenzhen: Search and compare airfares on TripAdvisor to 
find the best flights for your trip to Shenzhen. Choose the best airline for you byÂ ..."
83,flights to shenzhen,"Search cheap flights to Shenzhen (SZX) from $362. Fly from Los Angeles from 
$299. Fly from San Diego from $323. Fly from Denver from $343. Fly fromÂ ..."
84,flights to shenzhen,"Looking for Flights to Shenzhen Bao'an International? We compare all major 
airlines and travel agents for cheap Shenzhen Bao'an International flights. 
SearchÂ ..."
85,flights to shenzhen,"Looking for Flights to Shenzhen Bao'an International Airport? We compare all 
major airlines and travel agents for cheap Shenzhen Bao'an International flights."
86,flights to shenzhen,"Find airlines with flights to Shenzhen Bao'an International Airport, SZX. Compare 
all major airlines & travel agents to get the cheapest airfare to ShenzhenÂ ..."
87,flights to shenzhen,"Travel to Shenzhen with our latest flight deals. Click here to find out more about 
the things to do in Shenzhen with our travel guide."
88,flights to shenzhen,"Find cheap airline tickets & deals from London (LHR) to Shenzhen (SZX) and 
save on your next flight with Expedia."
89,flights to shenzhen,"Enjoy our great fares on flights to Shenzhen (SZX), China. Shenzhen is a huge 
city with many great sites which will leave you in awe. It is one of the wealthiestÂ ..."
90,flights to kuala lumpur,"Find flights to Kuala Lumpur on XiamenAir, China Southern, China Eastern and 
more. Fly round-trip from San Francisco from $506, from New York from $444,Â ..."
91,flights to kuala lumpur,"Book Cheap Flights to Kuala Lumpur: Search and compare airfares on 
TripAdvisor to find the best flights for your trip to Kuala Lumpur. Choose the best 
airlineÂ ..."
92,flights to kuala lumpur,"Flights to Kuala Lumpur from airlines such as American Airlines, Delta, United, 
JetBlue, Frontier, and more. Book your flight + hotel to save up to 100% on yourÂ ..."
93,flights to kuala lumpur,"Cool KL. Often used as a transit to other destinations, book a flight to Kuala 
Lumpur and don't miss out on the excitement the Malaysian capital offers. A 
modernÂ ..."
94,flights to kuala lumpur,"Find flights to Kuala Lumpur on China Southern, Air China, Etihad Airways and 
more. Fly return from Cardiff from Â£423, from London from Â£341, from Manchester
Â ..."
95,flights to kuala lumpur,"Looking for cheap flights to Kuala Lumpur, Malaysia from your destination? 
Search for airfare and flight ticket deals at cheapflights.com and book your next 
flightÂ ..."
96,flights to kuala lumpur,"Looking for cheap flights to Kuala Lumpur? Use Webjet to search for deals, 
compare airlines and find the best price for your next trip!"
97,flights to kuala lumpur,"Find cheap Singapore to Kuala Lumpur flights from top airlines like Scoot, 
Singapore Airlines, AirAsia & more! âœ… Book Singapore to KL flights today."
98,flights to kuala lumpur,"Find flights to Kuala Lumpur with United. Discover a modern travel experience 
featuring premium cabins and speedy Wi-Fi."
99,flights to kuala lumpur,"Now anyone can fly! At AirAsia, we believe no dream is too big or too bold. Our 
cheap Kuala Lumpur flights are the first step in your next adventure. Get inspired
Â ..."
100,flights to phuket,"Book Cheap Flights to Phuket: Search and compare airfares on TripAdvisor to 
find the best flights for your trip to Phuket. Choose the best airline for you byÂ ..."
101,flights to phuket,"Find flights to Phuket City on China Southern, Air China, China Eastern and more
. Fly round-trip from San Francisco from $455, from New York from $443, fromÂ ..."
102,flights to phuket,"Flights to Phuket from airlines such as American Airlines, Delta, United, JetBlue, 
Frontier, and more. Book your flight + hotel to save up to 100% on your flight."
103,flights to phuket,"Find cheap flights to Phuket (HKT) in 2019 using Skyscanner's flight comparison 
tool. We compare all major airlines and travel agents for flights to Phuket withÂ ..."
104,flights to phuket,"Looking for cheap flights to Phuket? Use Webjet to search for deals, compare 
airlines and find the best price for your next trip!"
105,flights to phuket,"Flights to Phuket. We compare all major airlines and travel agents for cheap 
Phuket flights. Search and Save now at Skyscanner.net."
106,flights to phuket,"Looking for cheap flights to Phuket, Thailand from your destination? Search for 
airfare and flight ticket deals at cheapflights.com and book your next flight today."
107,flights to phuket,"Book flights to Phuket with British Airways. Our Phuket flights include online 
check in, 2x hand luggage, award winning service and more."
108,flights to phuket,"Find flights to Phuket City on Shenzhen Airlines, Turkish Airlines, Air China and 
more. Fly return from Cardiff from Â£526, from London from Â£337, fromÂ ..."
109,flights to phuket,"Find cheap flights in Phuket at TravelSupermarket by comparing prices to get the 
best deals on Phuket flights and book online now..."
110,flights to delhi,"Find flights to New Delhi on Qatar Airways, China Eastern, Air China and more. 
Fly round-trip from San Francisco from $429, from New York from $429, fromÂ ..."
111,flights to delhi,"Book Cheap Flights to New Delhi: Search and compare airfares on TripAdvisor to 
find the best flights for your trip to New Delhi. Choose the best airline for you byÂ ..."
112,flights to delhi,"Cheap Flights to Delhi A community of 25 million people, Delhi is a sea of color, 
smells and sights. This city seems to exude a certain timeliness as the pastÂ ..."
113,flights to delhi,"Flights to Delhi from airlines such as American Airlines, Delta, United, JetBlue, 
Frontier, and more. Book your flight + hotel to save up to 100% on your flight."
114,flights to delhi,"Looking for cheap flights to Delhi, India from your destination? Search for airfare 
and flight ticket deals at cheapflights.com and book your next flight today."
115,flights to delhi,"Flights to Delhi. We compare all major airlines and travel agents for cheap Delhi 
flights. Search and Save now at Skyscanner.net."
116,flights to delhi,"Delhi - a city with a frentic energy âœˆ Go Somewhere. Compare flights to over 
9000+ destinations worldwide on Vayama.com. âœ“800+ Airlines âœ“9000+Â ..."
117,flights to delhi,"Book cheap flights to Delhi, India (DEL) with Lufthansa's WeFlyHome deals. Find 
cheap airline tickets to India with Lufthansa online."
118,flights to delhi,"Get flight schedules and book low airfare New Delhi flight tickets at MakeMyTrip.
com with all major domestic airlines: Air India, Indigo Airlines, Jet Airways,Â ..."
119,flights to delhi,"Cheap Flights to Delhi, (DEL), Lowest Fares Guaranteed From all Major UK 
Airports. ATOL Protected (5092) Book Online or Call 020 8518 9100."
120,flights to tokyo,"Find flights to Tokyo on XiamenAir, Singapore Airlines, Air China and more. Fly 
round-trip from San Francisco from $455, from San JosÃ© from $476, from LosÂ ..."
121,flights to tokyo,"Book Cheap Flights to Tokyo: Search and compare airfares on TripAdvisor to find 
the best flights for your trip to Tokyo. Choose the best airline for you by readingÂ ..."
122,flights to tokyo,"Flights to Tokyo from airlines such as American Airlines, Delta, United, JetBlue, 
Frontier, and more. Book your flight + hotel to save up to 100% on your flight."
123,flights to tokyo,"Looking for flights to Tokyo? Search 1000+ airlines and travel sites with 
momondo and get the cheapest flights to Tokyo."
124,flights to tokyo,"Search cheap flights to Tokyo (TYO) from $359. Fly from Los Angeles from $354. 
Fly from San Francisco from $455. Fly from Honolulu from $461. Fly from SanÂ ..."
125,flights to tokyo,"Looking for cheap Labor Day flights to Tokyo? Compare prices from hundreds of 
major airlines Delta, United, American, etc. & travel agencies for cheap TokyoÂ ..."
126,flights to tokyo,"Looking for flights to Tokyo? Orbitz offers cheap Tokyo (TYO, NRT, HND) flights 
from a variety of airlines and airfares."
127,flights to tokyo,"Find cheap flights to Vancouver from Sydney. Food, entertainment & checked 
baggage always included on Qantas operated flights. Book your seat now!"
128,flights to tokyo,"Want cheap flight tickets to Tokyo? Compare from hundreds of airlines and book 
the cheapest flights to Tokyo with Skyscanner - the world's travel search engine."
129,flights to tokyo,"Booking a flight to Tokyo? Fly with Delta to get the Best Fare Guarantee and a 
superior experience that you can't get on just any airline. Book direct at delta.com
."
130,flights to rome,"Find flights to Rome on Finnair, Brussels Airlines, Air Canada and more. Fly 
round-trip from New York from $250, from Chicago from $394, from Los Angeles
Â ..."
131,flights to rome,"Book Cheap Flights to Rome: Search and compare airfares on TripAdvisor to find 
the best flights for your trip to Rome. Choose the best airline for you by readingÂ ..."
132,flights to rome,"Flights to Rome from airlines such as American Airlines, Delta, United, JetBlue, 
Frontier, and more. Book your flight + hotel to save up to 100% on your flight."
133,flights to rome,"Looking for cheap flights to Rome? Compare prices from hundreds of major 
airlines Delta, United, American, etc. & travel agencies for cheap Rome flights."
134,flights to rome,"Looking for cheap flights to Rome, Lazio? Wander wisely with Rome (ROM) 
Airfare Deals from carriers such as American Airline, Delta & Frontier startingÂ ..."
135,flights to rome,"Looking for great deals on flights to Rome? Always find the cheapest fares to 
over 200 destinations in Europe with Ryanair's Fare Finder!"
136,flights to rome,"from Bristol, one way in November. Over 50 seats as at 31/08. Search more 
cheap flights to Rome Fiumicino from other airports at our travel guide pages."
137,flights to rome,"Find cheap flights from Rome with Skyscanner. Compare low cost, budget & 
scheduled airline flights & air travel deals â€“ book direct, no fees."
138,flights to rome,"Fly to Rome (ROM) and reserve your cheap flights with eDreams COM. Book 
your last minute flight deals and exclusive offers now!"
139,flights to rome,"Book a Delta flight to Rome and truly take the ""When in Rome"" saying to heart. 
Keep your eyes open and discover masterpieces as you tour through the ItalianÂ ..."
140,flights to taipei,"Find flights to Taipei on XiamenAir, Hong Kong Airlines, China Eastern and more. 
Fly round-trip from San Francisco from $441, from New York from $434, fromÂ ..."
141,flights to taipei,"Book Cheap Flights to Taipei: Search and compare airfares on TripAdvisor to find 
the best flights for your trip to Taipei. Choose the best airline for you by readingÂ ..."
142,flights to taipei,"Flights to Taipei from airlines such as American Airlines, Delta, United, JetBlue, 
Frontier, and more. Book your flight + hotel to save up to 100% on your flight."
143,flights to taipei,"Want cheap flight tickets to Taipei? Compare from hundreds of airlines and book 
the cheapest flights to Taipei with Skyscanner - the world's travel searchÂ ..."
144,flights to taipei,"Cheap Flights to Taipei. Known for its skyscrapers and local street food, the city of 
Taipei is a mix of modern architecture and Chinese culture. Taipei is locatedÂ ..."
145,flights to taipei,"Find cheap Singapore to Taipei flights. Compare Scoot, Jetstar, Singapore 
Airlines & more âœ… for the best deals on flight from Singapore to Taipei."
146,flights to taipei,"Find cheap flights from Vancouver to Taipei by comparing the best flight deals 
from over 1200 airlines and travel agents."
147,flights to taipei,"Find the cheapest flights to Taipei listed at Skyscanner. The fastest way to find the 
cheapest low cost airline prices from airports in Australia. Accurate informationÂ ..."
148,flights to taipei,"Looking for flights to Taipei? Search 1000+ airlines and travel sites with 
momondo and get the cheapest flights to Taipei."
149,flights to taipei,"Cheap Flights from é¦™æ¸¯ (HKG) to å°åŒ— (TPET). There is good news for those 
passengers who are in search of cheap flights from é¦™æ¸¯ (HKG) to å°åŒ— (TPET) as
Â ..."
150,flights to guangzhou,"Find flights to Guangzhou on Hainan Airlines, China Eastern, Air China and more
. Fly round-trip from San Francisco from $395, from New York from $415, fromÂ ..."
151,flights to guangzhou,"Flights to Guangzhou from airlines such as American Airlines, Delta, United, 
JetBlue, Frontier, and more. Book your flight + hotel to save up to 100% on yourÂ ..."
152,flights to guangzhou,"Search cheap flights to Guangzhou (CAN) from $352. Fly from Los Angeles from 
$299. Fly from San Diego from $323. Fly from Denver from $343. Fly fromÂ ..."
153,flights to guangzhou,"Find cheap flights to Guangzhou (CAN) in 2019 using Skyscanner's flight 
comparison tool. We compare all major airlines and travel agents for flights toÂ ..."
154,flights to guangzhou,"Flight Status â€“ Arrivals | Departures. Guangzhou Baiyun Airport Live Flight Status. 
FlightStats. Book Online. Flights to Guangzhou Â· Guangzhou Hotels."
155,flights to guangzhou,"Search and compare airfares to Guangzhou, CN at FareCompare and get the 
best price every time you fly. Signup for email alerts and be the first to know when
Â ..."
156,flights to guangzhou,"Flights to Guangzhou. We compare all major airlines and travel agents for cheap 
Guangzhou flights. Search and Save now at Skyscanner.net."
157,flights to guangzhou,"Looking for flights to Guangzhou? We compare all major airlines and travel 
agents for cheap Guangzhou flights. Search and save now with Skyscanner."
158,flights to guangzhou,"Looking for Flights to Guangzhou? We compare all major airlines and travel 
agents for cheap Guangzhou flights. Search and Save now at Skyscanner."
159,flights to guangzhou,"Book cheap flights & promo deals to Guangzhou from 100s of airlines & travel 
agents. Flexible on when you fly to Guangzhou? Use the month view tool to findÂ ..."
160,flights to mumbai,"Find flights to Mumbai on United Airlines, Qatar Airways, Air China and more. Fly 
round-trip from San Francisco from $605, from New York from $512, from LosÂ ..."
161,flights to mumbai,"Flights to Mumbai from airlines such as American Airlines, Delta, United, JetBlue, 
Frontier, and more. Book your flight + hotel to save up to 100% on your flight."
162,flights to mumbai,"Book Cheap Flights to Mumbai: Search and compare airfares on TripAdvisor to 
find the best flights for your trip to Mumbai. Choose the best airline for you byÂ ..."
163,flights to mumbai,"Find cheap flights to Mumbai (BOM) in 2019 using Skyscanner's flight 
comparison tool. We compare all major airlines and travel agents for flights to 
Mumbai withÂ ..."
164,flights to mumbai,"Search cheap flights to Mumbai (BOM) from $436. Fly from Los Angeles from 
$350. Fly from New York from $429. Fly from San Francisco from $430. Fly fromÂ ..."
165,flights to mumbai,"Cheap Flights to Mumbai (Bombay), (BOM), Lowest Fares Guaranteed From all 
Major UK Airports. ATOL Protected (5092) Book Online or Call 020 8518 9100."
166,flights to mumbai,"Flights to Mumbai, India BOM. Book your cheap flight to Mumbai with Lufthansa. 
Book your flights to BOM! Benefit from Lufthansa cheap offers to BOM!"
167,flights to mumbai,"Grab cheap flights to Mumbai (BOM) on CheapOair? Search hundreds of airlines 
for the cheapest tickets to Mumbai, India. Use promo codes at checkout andÂ ..."
168,flights to mumbai,"Get flight schedules and book low airfare Mumbai flight tickets at MakeMyTrip.
com with all major domestic airlines: Air India, Indigo Airlines, Jet Airways,Â ..."
169,flights to mumbai,"The simple way to find cheap flights to Mumbai. Quick and easy, cheapflights.co.
za finds the lowest prices for Mumbai flights."
170,flights to mecca,"Flights to Mecca from airlines such as American Airlines, Delta, United, JetBlue, 
Frontier, and more. Book your flight + hotel to save up to 100% on your flight."
171,flights to mecca,"Book Cheap Flights to Mecca: Search and compare airfares on TripAdvisor to 
find the best flights for your trip to Mecca. Choose the best airline for you byÂ ..."
172,flights to mecca,"Looking for cheap flights to Mecca? Browse through our last minute JED flights 
and save up to 40% with our hot rate flight deals. Book with Hotwire today!"
173,flights to mecca,"There are Mecca flights to fit all holiday plans. Select your travel dates and 
compare our flights deals to Mecca."
174,flights to mecca,"Flights to Mecca (JED): Search on Orbitz for cheap Mecca flights, airlines, and 
airfares to Mecca."
175,flights to mecca,"Book Cheap Flights to Mecca: Search and compare airfares on TripAdvisor to 
find the best flights for your trip to Mecca. Choose the best airline for you byÂ ..."
176,flights to mecca,"Looking for cheap flights to Mecca, Makkah Province? Wander wisely with Mecca 
(JED) Airfare Deals from carriers such as American Airline, Delta & FrontierÂ ..."
177,flights to mecca,"Expedia.co.uk offers cheap flights to Mecca. Find flights to Mecca on Expedia and 
get the best solutions for your travel needs."
178,flights to mecca,"Book Cheap Flights to Mecca: Search and compare airfares on TripAdvisor to 
find the best flights for your trip to Mecca. Choose the best airline for you byÂ ..."
179,flights to mecca,"Expedia Add-On Advantage: Book a flight & unlock up to 50% off select hotels. 
Terms apply. Find cheap flights to Mecca with Expedia.ca. Browse and compare
Â ..."
180,flights to istanbul,"Book Cheap Flights to Istanbul: Search and compare airfares on TripAdvisor to 
find the best flights for your trip to Istanbul. Choose the best airline for you byÂ ..."
181,flights to istanbul,"Search prices for United Airlines, Delta, Lufthansa, Air Canada, Qatar Airways, 
KLM, Aeroflot and more. Search and find deals on flights to Istanbul."
182,flights to istanbul,"Flights to Istanbul from airlines such as American Airlines, Delta, United, JetBlue, 
Frontier, and more. Book your flight + hotel to save up to 100% on your flight."
183,flights to istanbul,"Looking for cheap flights to Istanbul? Compare prices from hundreds of major 
airlines Delta, United, American, etc. & travel agencies for cheap Istanbul flights."
184,flights to istanbul,"Find flights to Istanbul on United Airlines, Air France, KLM and more. Fly round-
trip from New York from $506, from Los Angeles from $576, from Boston fromÂ ..."
185,flights to istanbul,"Looking for cheap flights to Istanbul, Turkey from your destination? Search for 
airfare and flight ticket deals at cheapflights.com and book your next flight today."
186,flights to istanbul,"Flights to Ä°stanbul with Europe's Best Airline, Turkish Airlines. Explore Hagia 
Sophia, Sultan Ahmed Mosque, Topkapi palace during your holiday."
187,flights to istanbul,"Want cheap flight tickets to Istanbul? Compare from hundreds of airlines and 
book the cheapest flights to Istanbul with Skyscanner - the world's travel searchÂ ..."
188,flights to istanbul,"Flights to Istanbul. We compare all major airlines and travel agents for cheap 
Istanbul flights. Search and save now at Skyscanner.net."
189,flights to istanbul,"Fly to Istanbul and get exclusive offers on cheap flights with eDreams.com. 
Search for and book your next holiday to Istanbul now!"
190,flights to prague,"Find flights to Prague on Finnair, Norwegian, British Airways and more. Fly round
-trip from New York from $377, from Orlando from $459, from Fort LauderdaleÂ ..."
191,flights to prague,"Book Cheap Flights to Prague: Search and compare airfares on TripAdvisor to 
find the best flights for your trip to Prague. Choose the best airline for you byÂ ..."
192,flights to prague,"Find cheap flights to Prague (PRG) in 2019 using Skyscanner's flight comparison 
tool. We compare all major airlines and travel agents for flights to Prague withÂ ..."
193,flights to prague,"Flights to Prague from airlines such as American Airlines, Delta, United, JetBlue, 
Frontier, and more. Book your flight + hotel to save up to 100% on your flight."
194,flights to prague,"Also known: DL 8741 Delta Air Lines / KE 7686 Korean Air Lines / QS 8819 
Smartwings /. 06:25. 06:1301. 09. Reykjavik (KEF). OK 0461, Czech Airlines."
195,flights to prague,"Book cheap flights to Prague, known as the 'City of a Thousand Spires', and look 
forward to visiting one of Europe's most enchanting cities. When to book cheapÂ ..."
196,flights to prague,"from Bristol, one way in January. Over 50 seats as at 31/08. Search more cheap 
flights to Prague from other airports at our travel guide pages."
197,flights to prague,"Find cheap flights to Prague, Czech Republic (PRG) with Lufthansa's 
WeFlyHome deals. Book your cheap flight to Prague with Lufthansa today."
198,flights to prague,"Picture Perfect Prague. Flights to Prague have never been cheaper, making the 
capital of the Czech Republic an increasingly popular citybreak destination."
199,flights to prague,"Find flights to Prague on Ryanair, Wizz Air UK, easyJet and more. Fly return from 
Bournemouth from Â£35, from Liverpool from Â£30, from London from Â£26, fromÂ ..."
200,flights to miami,"Find flights to Miami on United Airlines, American Airlines, Frontier and more. Fly 
round-trip from Charlotte from $92, from Atlanta from $77, from Denver from $77Â ..."
201,flights to miami,"Book Cheap Flights to Miami: Search and compare airfares on TripAdvisor to find 
the best flights for your trip to Miami. Choose the best airline for you by readingÂ ..."
202,flights to miami,"Flights to Miami from airlines such as American Airlines, Delta, United, JetBlue, 
Frontier, and more. Book your flight + hotel to save up to 100% on your flight."
203,flights to miami,"Looking for cheap flights to Miami? Browse through our last minute MIA flights 
and save up to 40% with our hot rate flight deals. Book with Hotwire today!"
205,flights to miami,"Looking for cheap flights to Miami, Florida (FL) from your destination? Search for 
airfare and flight ticket deals at cheapflights.com and book your next flightÂ ..."
206,flights to miami,"Looking for the cheapest flights to Miami? Compare thousands of flight deals on 
major airlines Delta, American, United and more. Find non-stop and round-tripÂ ..."
207,flights to miami,"Looking for flights to Miami? Orbitz offers cheap Miami (MIA, FLL, BCT) flights 
from a variety of airlines and airfares."
208,flights to miami,"Cheap flights to Miami - International (United States) âœˆ Compare airfares for 
Miami - International flights âœˆ Find the best deals and save now with Jetcost."
209,flights to miami,"Trip Coming Up? Prices Going Down. Find the best flight deals. Flights ... Flights 
from New York City, NY. Dallas. LGA DFW. from. Fri, 10/11 - Mon, 10/14. $167."
210,flights to miami,"Find airfare and ticket deals for cheap flights from New York, NY to Miami, FL. 
Search flight deals from various travel partners with one click at Cheapflights.com
."
211,flights to seoul,"Find flights to Seoul on XiamenAir, Air China, China Eastern and more. Fly round
-trip from San Francisco from $453, from New York from $477, from San JosÃ©Â ..."
212,flights to seoul,"Book Cheap Flights to Seoul: Search and compare airfares on TripAdvisor to find 
the best flights for your trip to Seoul. Choose the best airline for you by readingÂ ..."
213,flights to seoul,"Consistently named one of the world's greatest airports, flights to Seoul are a 
must for anyone travelling to South Korea or any other Asian locale. As a majorÂ ..."
214,flights to seoul,"Looking for flights to Seoul? Orbitz offers cheap Seoul (SEL, ICN, GMP) flights 
from a variety of airlines and airfares."
215,flights to seoul,"Looking for cheap flights to Seoul, South Korea from your destination? Search for 
airfare and flight ticket deals at cheapflights.com and book your next flightÂ ..."
216,flights to seoul,"Looking for cheap flights to Seoul? Compare prices from hundreds of major 
airlines Delta, United, American, etc. & travel agencies for cheap Seoul flights."
217,flights to seoul,"Want cheap flight tickets to Seoul? Compare from hundreds of airlines and book 
the cheapest flights to Seoul with Skyscanner - the world's travel search engine."
218,flights to seoul,"Search and compare airfares to Seoul, KR at FareCompare and get the best 
price every time you fly. Signup for email alerts and be the first to know when 
pricesÂ ..."
219,flights to seoul,"Looking for flights to Seoul? Search 1000+ airlines and travel sites with 
momondo and get the cheapest flights to Seoul."
220,flights to seoul,"Flights to Seoul. We compare all major airlines and travel agents for cheap Seoul 
flights. Search and Save now at Skyscanner.net."
221,flights to barcelona,"Book Cheap Flights to Barcelona: Search and compare airfares on TripAdvisor to 
find the best flights for your trip to Barcelona. Choose the best airline for you byÂ ..."
222,flights to barcelona,"Find flights to Barcelona on Finnair, Air France, KLM and more. Fly round-trip 
from San Francisco from $334, from New York from $242, from Chicago from 
$309,Â ..."
223,flights to barcelona,"Flights to Barcelona from airlines such as American Airlines, Delta, United, 
JetBlue, Frontier, and more. Book your flight + hotel to save up to 100% on your 
flight."
224,flights to barcelona,"Find the cheapest non-stop flights to Barcelona on major airlines Delta, Air 
France, KLM, Norwegian and more. Compare thousands of flights to Barcelona 
andÂ ..."
225,flights to barcelona,"Looking for cheap flights to Barcelona, Spain from your destination? Search for 
airfare and flight ticket deals at cheapflights.com and book your next flight today."
226,flights to barcelona,"Looking for great deals on flights to Barcelona? Always find the cheapest fares to 
over 200 destinations in Europe with Ryanair's Fare Finder!"
227,flights to barcelona,"Flights to Barcelona (BCN, YJB, YJD): Search on Orbitz for cheap Barcelona 
flights, airlines, and airfares to Barcelona."
228,flights to barcelona,"from Bristol, one way in November. Over 50 seats as at 31/08. Search more 
cheap flights to Barcelona from other airports at our travel guide pages."
229,flights to barcelona,"How to find cheap flights to Barcelona. You can find the best deal on flights to 
Barcelona using Skyscanner today. The average cost of a flight to Barcelona isÂ ..."
230,flights to barcelona,"Compare and book cheap flights to Barcelona. Expedia finds you the best deals 
on flights to Barcelona by searching and comparing tickets from different airlines
Â ..."
231,flights to pattaya,"Book Cheap Flights to Pattaya: Search and compare airfares on TripAdvisor to 
find the best flights for your trip to Pattaya. Choose the best airline for you byÂ ..."
232,flights to pattaya,"Flights to Pattaya from airlines such as American Airlines, Delta, United, JetBlue, 
Frontier, and more. Book your flight + hotel to save up to 100% on your flight."
233,flights to pattaya,"Looking for cheap flights to Pattaya? Browse through our last minute BKK flights 
and save up to 40% with our hot rate flight deals. Book with Hotwire today!"
234,flights to pattaya,"There are Pattaya flights to fit all holiday plans. Select your travel dates and 
compare our flights deals to Pattaya."
235,flights to pattaya,"Book Cheap Flights to Pattaya: Search and compare airfares on TripAdvisor to 
find the best flights for your trip to Pattaya. Choose the best airline for you byÂ ..."
236,flights to pattaya,"Book Cheap Flights to Pattaya: Search and compare airfares on TripAdvisor to 
find the best flights for your trip to Pattaya. Choose the best airline for you byÂ ..."
237,flights to pattaya,"Looking for cheap flights to Pattaya (UTP) from your destination? Search for 
airfare and flight ticket deals at cheapflights.com and book your next flight today."
238,flights to pattaya,"Looking for Flights to Pattaya (Chonburi) Airport? We compare all major airlines 
and travel agents for cheap Pattaya (Chonburi) flights. Search and Save now atÂ ..."
239,flights to pattaya,"Looking for flights to Pattaya (Chonburi)? We compare all major airlines and 
travel agents for cheap Pattaya (Chonburi) flights. Search and save now withÂ ..."
240,flights to pattaya,"Looking for cheap flights to Pattaya, Chonburi? Wander wisely with Pattaya (BKK
) Airfare Deals from carriers such as American Airline, Delta & Frontier startingÂ ..."
241,flights to shanghai,"Flights to Shanghai from airlines such as American Airlines, Delta, United, 
JetBlue, Frontier, and more. Book your flight + hotel to save up to 100% on your 
flight."
242,flights to shanghai,"Find flights to Shanghai on Delta, Hainan Airlines, Sichuan Airlines and more. Fly 
round-trip from New York from $380, from Raleigh from $380, from LosÂ ..."
243,flights to shanghai,"Book Cheap Flights to Shanghai: Search and compare airfares on TripAdvisor to 
find the best flights for your trip to Shanghai. Choose the best airline for you byÂ ..."
244,flights to shanghai,"Looking for cheap flights to Shanghai? Compare prices from hundreds of major 
airlines Delta, United, American, etc. & travel agencies for cheap ShanghaiÂ ..."
245,flights to shanghai,"Looking for cheap flights to Shanghai, China from your destination? Search for 
airfare and flight ticket deals at cheapflights.com and book your next flight today."
246,flights to shanghai,"Flights to Shanghai (SHA): Search on Orbitz for cheap Shanghai flights, airlines, 
and airfares to Shanghai."
247,flights to shanghai,"We've scanned 48,195,047,545 round trip itineraries and found the cheapest 
flights to Shanghai. Juneyao & China Southern frequently offer the best deals toÂ ..."
248,flights to shanghai,"Looking for flights to Shanghai? Search 1000+ airlines and travel sites with 
momondo and get the cheapest flights to Shanghai."
249,flights to shanghai,"Want cheap flight tickets to Shanghai? Compare from hundreds of airlines and 
book the cheapest flights to Shanghai with Skyscanner - the world's travel search
Â ..."
250,flights to shanghai,"Discover Delta flights to Shanghai, a well-known commerce hub and travel 
destination that has perfected the mingling between business and pleasure."
251,flights to milan,"Find flights to Milan on United Airlines, Finnair, Air Italy and more. Fly round-trip 
from San Francisco from $461, from New York from $348, from Los Angeles from
Â ..."
252,flights to milan,"Book Cheap Flights to Milan: Search and compare airfares on TripAdvisor to find 
the best flights for your trip to Milan. Choose the best airline for you by readingÂ ..."
253,flights to milan,"Flights to Milan from airlines such as American Airlines, Delta, United, JetBlue, 
Frontier, and more. Book your flight + hotel to save up to 100% on your flight."
254,flights to milan,"Search cheap flights to Milan (MIL) from $357. Fly from New York from $250. Fly 
from Boston from $308. Fly from Miami from $368. Fly from Los Angeles fromÂ ..."
255,flights to milan,"from Bristol, one way in November. Over 50 seats as at 31/08. Search more 
cheap flights to Milan Malpensa from other airports at our travel guide pages."
256,flights to milan,"In Vogue. For a real city break in one of the four fashion capitals of the world, 
book a flight to Milan and live it up in style! Armani, Versace, Prada, Gucci; all 
wereÂ ..."
257,flights to milan,"Find out all the connections available to and from Milan Malpensa to fly around 
the world."
258,flights to milan,"Milan may be renowned for being a fashion and design capital, but there are 
plenty of good reasons to book cheap flights to Milan, Italy. Beautiful architecture
Â ..."
259,flights to milan,"Flybe is Europe's largest regional airline and flies to more UK destinations than 
any other airline. We fly to Milan from 3 airports in the UK. Book cheap flights toÂ ..."
260,flights to milan,"Find flights to Milan on Ryanair, easyJet and more. Fly return from Nottingham 
from Â£38, from Liverpool from Â£31, from Bristol from Â£20, from London from Â£15,Â ..."
261,flights to cancÃºn,"Book Cheap Flights to Cancun: Search and compare airfares on TripAdvisor to 
find the best flights for your trip to Cancun. Choose the best airline for you byÂ ..."
262,flights to cancÃºn,"Find flights to CancÃºn on Aeromexico, United Airlines, Spirit Airlines and more. 
Fly round-trip from Chicago from $184, from Fort Lauderdale from $221, fromÂ ..."
263,flights to cancÃºn,"Flights to Cancun from airlines such as American Airlines, Delta, United, JetBlue, 
Frontier, and more. Book your flight + hotel to save up to 100% on your flight."
264,flights to cancÃºn,"Looking for cheap flights to Cancun? Browse through our last minute CUN flights 
and save up to 40% with our hot rate flight deals. Book with Hotwire today!"
265,flights to cancÃºn,"Grab cheap flights to Cancun (CUN) on CheapOair? Search hundreds of airlines 
for the cheapest tickets to Cancun, Mexico. Use promo codes at checkout andÂ ..."
266,flights to cancÃºn,"Cheap Flights to Cancun. The Mexican resort city of Cancun sits almost at the 
very tip of the Yucatan Peninsula. Its modern airport, Cancun International Airport
Â ..."
267,flights to cancÃºn,"Looking for cheap flights to Cancun, Quintana Roo? Wander wisely with Cancun 
(CUN) Airfare Deals from carriers such as American Airline, Delta & FrontierÂ ..."
268,flights to cancÃºn,"Book now cheap flights and go to discover the best tourist attractions of Cancun: 
Chichen Itza, Holbox or Bacalar. Travel now with our flight deals!"
269,flights to cancÃºn,"Flights to Cancun (CUN, CZM): Search on Orbitz for cheap Cancun flights, 
airlines, and airfares to Cancun."
270,flights to cancÃºn,"Feeling Sick of Expensive Flights? Find Ultra Low Cost Flights to Cancun (CUN) 
with Spirit Airlines! âœˆ Check out the Latest Flight Deals and Book!"
271,flights to agra,"Get flight schedules and book low airfare Agra flight tickets at MakeMyTrip.com 
with all major domestic airlines: Air India, Indigo Airlines, Jet Airways, SpiceJet,Â ..."
272,flights to agra,"ğ—™ğ—¹ğ—¶ğ—´ğ—µğ˜ğ˜€ ğ˜ğ—¼ Agra District from airlines such as ğ—”ğ—ºğ—²ğ—¿ğ—¶ğ—°ğ—®ğ—» ğ—”ğ—¶ğ—¿ğ—¹ğ—¶ğ—»ğ—²ğ˜€, 
ğ——ğ—²ğ—¹ğ˜ğ—®, ğ—¨ğ—»ğ—¶ğ˜ğ—²ğ—±, ğ—ğ—²ğ˜ğ—•ğ—¹ğ˜‚ğ—², ğ—™ğ—¿ğ—¼ğ—»ğ˜ğ—¶ğ—²ğ—¿, and more. ğ—•ğ—¼ğ—¼ğ—¸ ğ˜†ğ—¼ğ˜‚ğ—¿Â ..."
273,flights to agra,"Planning to fly from Agra? With Cleartrip you can book flight tickets from Agra 
from anywhere based on flight schedule, timings & airfare break-up. We alsoÂ ..."
274,flights to agra,"Agra is one of the popular cities of India and well connected through air route to 
all major cities in India. Book cheap flight tickets from Agra to major Indian citiesÂ ..."
275,flights to agra,"Airlines with flights to Agra listed at Skyscanner. The fastest way to find the 
cheapest low cost airline prices. Accurate information for budget, last minute and
Â ..."
276,flights to agra,"Find and book Cheap Flight Tickets to Agra on EaseMyTrip.com. Enjoy lowest 
airfare deals on Air Ticket Booking to Agra and save maximum."
277,flights to agra,"Book Cheap Flights from Agra to Kathmandu: Search and compare airfares on 
TripAdvisor to find the best flights for your trip to Kathmandu. Choose the bestÂ ..."
278,flights to agra,"Agra Airport, (AGR/VIAG), India - View live flight arrival and departure information
, live flight delays and cancelations, and current weather conditions at theÂ ..."
279,flights to agra,"Book Cheap Flights from Agra to Varanasi: Search and compare airfares on 
TripAdvisor to find the best flights for your trip to Varanasi. Choose the best airline
Â ..."
280,flights to agra,"Find Agra to Bangalore flight tickets at lowest airfare on Yatra.com. Get Upto Rs.
4000* Off on your Agra to Bangalore flights. Also check cheapest airline ticket toÂ ..."
281,flights to las vegas,"Book Cheap Flights to Las Vegas: Search and compare airfares on TripAdvisor to 
find the best flights for your trip to Las Vegas. Choose the best airline for youÂ ..."
282,flights to las vegas,"Find flights to Las Vegas on Spirit Airlines, Frontier, Sun Country Air and more. 
Fly round-trip from San JosÃ© from $57, from Sacramento from $55, from Phoenix
Â ..."
283,flights to las vegas,"Flights to Las Vegas from airlines such as American Airlines, Delta, United, 
JetBlue, Frontier, and more. Book your flight + hotel to save up to 100% on your 
flight."
284,flights to las vegas,"Looking for cheap flights to Las Vegas? Browse through our last minute LAS 
flights and save up to 40% with our hot rate flight deals. Book with Hotwire today!"
285,flights to las vegas,"Looking for cheap flights to Las Vegas, Nevada (NV) from your destination? 
Search for airfare and flight ticket deals at cheapflights.com and book your next 
flightÂ ..."
286,flights to las vegas,"Looking for the cheapest flights to Las Vegas â™¤â™¥â™¢â™§ ? Find flight deals to Vegas 
on major airlines American, jetBlue, Delta, Frontier & more. Search thousands of
Â ..."
287,flights to las vegas,"Flights to Las Vegas (LAS, HSH, BLD): Search on Orbitz for cheap Las Vegas 
flights, airlines, and airfares to Las Vegas."
288,flights to las vegas,"Cheap flights to Las Vegas - McCarran (United States) âœˆ Compare airfares for 
Las Vegas - McCarran flights âœˆ Find the best deals and save now with Jetcost."
289,flights to las vegas,"Last Minute cheap flights to Las Vegas (LAS) starting at $61 round trip. Search 
hundreds of airlines for the cheapest tickets to Las Vegas, Nevada!"
290,flights to las vegas,"Find amazing Las Vegas deals and travel packages that include round-trip flights 
and stay at great Vegas hotel-casinos. Learn more at Vegas.com."
291,flights to amsterdam,"Book Cheap Flights to Amsterdam: Search and compare airfares on TripAdvisor 
to find the best flights for your trip to Amsterdam. Choose the best airline for youÂ ..."
292,flights to amsterdam,"Find flights to Amsterdam on Lufthansa, Air Canada, Major Airline and more. Fly 
round-trip from New York from $257, from Chicago from $382, from WashingtonÂ ..."
293,flights to amsterdam,"Flights to Amsterdam from airlines such as American Airlines, Delta, United, 
JetBlue, Frontier, and more. Book your flight + hotel to save up to 100% on your 
flight."
294,flights to amsterdam,"Cheap Flights to Amsterdam Airport Schiphol (AMS). To experience the best of 
the Netherlands, admire world-class art and enjoy some of Europe's finestÂ ..."
295,flights to amsterdam,"Search cheap flights to Amsterdam (AMS) from $257. Fly from New York from 
$257. Fly from Chicago from $382. Fly from Washington from $397. Fly from 
BostonÂ ..."
296,flights to amsterdam,"Looking for great deals on flights to Amsterdam? Always find the cheapest fares 
to over 200 destinations in Europe with Ryanair's Fare Finder!"
297,flights to amsterdam,"from Belfast, one way in November. Over 50 seats as at 30/08. Search more 
cheap flights to Amsterdam from other airports at our travel guide pages."
298,flights to amsterdam,"Flights to Amsterdam. Find cheap flights to Amsterdam. Book your flight and save 
money with lastminute.com."
299,flights to amsterdam,"Amsterdam is a fascinating city that blends European cafe culture with exquisite 
scenery and thrilling nightlife. Flights to Amsterdam arrive at SchipholÂ ..."
300,flights to amsterdam,"How to find cheap flights to Amsterdam. The average price of a flight to 
Amsterdam from the UK is Â£127.30. Flight prices change regularly depending on 
seatÂ ..."
301,flights to antalya,"Find flights to Antalya on Aeroflot, Norwegian, SWISS and more. Fly round-trip 
from San Francisco from $752, from New York from $502, from Chicago from 
$715Â ..."
302,flights to antalya,"Flights to Antalya from airlines such as American Airlines, Delta, United, JetBlue, 
Frontier, and more. Book your flight + hotel to save up to 100% on your flight."
303,flights to antalya,"Discover the range of cheap flights to Antalya. Fly affordably from major UK cities. 
Book cheap flights to Antalya online and save with Thomas Cook Airlines."
304,flights to antalya,"from London Gatwick, one way in January. Over 50 seats as at 31/08. Search 
more cheap flights to Antalya from other airports at our travel guide pages."
305,flights to antalya,"Flights to Antalya. We compare all major airlines and travel agents for cheap 
Antalya flights. Search and Save now at Skyscanner.net."
306,flights to antalya,"Are you looking for a flight to Antalya? Use the Opodo flight comparison tool to 
find the cheapest Antalya flights and last minute deals!"
307,flights to antalya,"Cheap flights to Antalya âœˆ Compare prices for Antalya (Turkey) flights. Find the 
best deals and save now with Jetcost."
308,flights to antalya,"Looking for cheap flights to Antalya, Turkey from your destination? Search for 
airfare and flight ticket deals at cheapflights.com and book your next flight today."
309,flights to antalya,"Find flights to Antalya on Thomas Cook Airlines, Jet2, easyJet and more. Fly 
return from London from Â£87, from Manchester from Â£124, from Newcastle uponÂ ..."
310,flights to antalya,"Find cheap flights to the Antalya at TravelSupermarket. Save money by 
comparing prices on Antalya flights and booking online now..."
311,flights to denpasar,"Find flights to Denpasar on XiamenAir, China Southern, China Eastern and more. 
Fly round-trip from New York from $442, from Honolulu from $502, from LosÂ ..."
312,flights to denpasar,"Book Cheap Flights to Denpasar: Search and compare airfares on TripAdvisor to 
find the best flights for your trip to Denpasar. Choose the best airline for you byÂ ..."
313,flights to denpasar,"Looking for cheap flights to Bali? Use Webjet to search for deals, compare 
airlines and find the best price for your next trip!"
314,flights to denpasar,"Looking for flights to Denpasar? Search 1000+ airlines and travel sites with 
momondo and get the cheapest flights to Denpasar."
315,flights to denpasar,"Looking for Flights to Bali (Denpasar) Airport? We compare all major airlines and 
travel agents for cheap Bali (Denpasar) flights. Search and Save now atÂ ..."
316,flights to denpasar,"Ngurah Rai International Airport (Denpasar). Home Â· Flight Status Â· Location ... 
Flight Status â€“ Arrivals. Bali Ngurah Rai Airport (DPS) Live Flight Status â€“ Arrivals
Â ..."
317,flights to denpasar,"Grab a cheap Denpasar/Bali flight with IWantThatFlight.com.au. Return airfares 
from $211. We compare hundreds of airlines and travel agents for Denpasar/Bali."
318,flights to denpasar,"Flights to Bali from airlines such as American Airlines, Delta, United, JetBlue, 
Frontier, and more. Book your flight + hotel to save up to 100% on your flight."
319,flights to denpasar,"Compare cheap flights to Bali on major airlines and online travel agencies. Find 
flights up to 15% off the average ticket price and book with no added fees today."
320,flights to denpasar,"Looking for flights to Denpasar? We compare all major airlines and travel agents 
for cheap Denpasar flights. Search and save now with Skyscanner."
321,flights to osaka,"Flights to Osaka from airlines such as American Airlines, Delta, United, JetBlue, 
Frontier, and more. Book your flight + hotel to save up to 100% on your flight."
322,flights to osaka,"Find flights to Osaka on United Airlines, Korean Air, XiamenAir and more. Fly 
round-trip from San Francisco from $528, from Honolulu from $461, from LosÂ ..."
323,flights to osaka,"Book Cheap Flights to Osaka: Search and compare airfares on TripAdvisor to find 
the best flights for your trip to Osaka. Choose the best airline for you byÂ ..."
324,flights to osaka,"Looking for cheap flights to Osaka? Compare prices from hundreds of major 
airlines Delta, United, American, etc. & travel agencies for cheap Osaka flights."
325,flights to osaka,"29 matches ... Search for flights from Singapore to Osaka, Japan with Singapore Airlines. Click 
here to discover fare deals, things to do, places to stay & moreÂ ..."
326,flights to osaka,"Looking for cheap flights to Osaka, Japan from your destination? Search for 
airfare and flight ticket deals at cheapflights.com and book your next flight today."
327,flights to osaka,"Want cheap flight tickets to Osaka? Compare from hundreds of airlines and book 
the cheapest flights to Osaka with Skyscanner - the world's travel searchÂ ..."
328,flights to osaka,"From April 2019, British Airways will fly direct to Osaka, Japan from London 
Heathrow (LHW). With a flight time of 11 hours 30 minutes there's no faster way to
Â ..."
329,flights to osaka,"Explore a multitude of museums, castles and temples in the second largest city in 
Japan. Find Delta flights to Osaka, a center for commerce and trade."
330,flights to osaka,"Find flights to Osaka with United. Discover a modern travel experience featuring 
premium cabins and speedy Wi-Fi."
331,flights to los angeles,"Find flights to Los Angeles on Spirit Airlines, Frontier, Sun Country Air and more. 
Fly round-trip from San Francisco from $77, from San JosÃ© from $72, fromÂ ..."
332,flights to los angeles,"Flights to Los Angeles from airlines such as American Airlines, Delta, United, 
JetBlue, Frontier, and more. Book your flight + hotel to save up to 100% on yourÂ ..."
333,flights to los angeles,"Book Cheap Flights to Los Angeles: Search and compare airfares on TripAdvisor 
to find the best flights for your trip to Los Angeles. Choose the best airline forÂ ..."
334,flights to los angeles,"Looking for cheap flights to Los Angeles? Browse through our last minute LAX 
flights and save up to 40% with our hot rate flight deals. Book with Hotwire today!"
335,flights to los angeles,"Book cheap flights to Los Angeles (LAX) with Skyscanner's free flight search 
across major airlines American, jetBlue, Delta & more. Search non-stop tickets to
Â ..."
336,flights to los angeles,"Looking for cheap flights to Los Angeles, California (CA) from your destination? 
Search for airfare and flight ticket deals at cheapflights.com and book your nextÂ ..."
337,flights to los angeles,"Looking for flights to Los Angeles? Orbitz offers cheap Los Angeles (QLA, SNA, 
BUR, LGB) flights from a variety of airlines and airfares."
338,flights to los angeles,"Find flights to Los Angeles with United. Discover a modern travel experience 
featuring premium cabins and speedy Wi-Fi."
339,flights to los angeles,"Cheap flights to Los Angeles (United States) âœˆ Compare airfares for Los Angeles 
flights âœˆ Find the best deals and save now with Jetcost."
340,flights to los angeles,"Travel with Delta for flights to Los Angeles and see the City of Angels, the magic 
of Hollywood, and Tinsel Town's brightest stars."
341,flights to vienna,"Find flights to Vienna on Austrian Airlines, Air Canada, British Airways and more. 
Fly round-trip from San Francisco from $395, from New York from $332, fromÂ ..."
342,flights to vienna,"Cheap Flights to Vienna. Winner of the 2015 Skytrax Award for the Best Airport 
Staff in Europe, Vienna International Airport (VIE) is one of the main aviationÂ ..."
343,flights to vienna,"Flights to Vienna from airlines such as American Airlines, Delta, United, JetBlue, 
Frontier, and more. Book your flight + hotel to save up to 100% on your flight."
344,flights to vienna,"Looking for cheap flights to Vienna, Austria from your destination? Search for 
airfare and flight ticket deals at cheapflights.com and book your next flight today."
345,flights to vienna,"Flights to Vienna. We compare all major airlines and travel agents for cheap 
Vienna flights. Search and Save now at Skyscanner.net."
346,flights to vienna,"from Bristol, one way in January. Over 50 seats as at 31/08. Search more cheap 
flights to Vienna from other airports at our travel guide pages."
347,flights to vienna,"Book your comfortable flight to Vienna for a great fare online today at Lufthansa 
and enjoy your stay in Vienna!"
348,flights to vienna,"Furthermore, transfers to connecting flights are optimally coordinated at Vienna 
Airport and thus an extremely fast and convenient transfer is guaranteed."
349,flights to vienna,"Low-cost flights to Vienna (VIE) âœˆâœˆâœˆ Book your flights online for fares as low as â‚¬
24.99* âœ“ No hidden extra costs âœ“ Eurowings."
350,flights to vienna,"With your comfortable Austrian flight to Vienna you will land at the airport Vienna-
Schwechat, the home and hub of Austrian Airlines. The City Airport train,Â ..."
351,flights to berlin,"Find flights to Berlin on SAS, Norwegian, Turkish Airlines and more. Fly round-trip 
from New York from $342, from Minneapolis from $448, from Los Angeles fromÂ ..."
352,flights to berlin,"Book Cheap Flights to Berlin: Search and compare airfares on TripAdvisor to find 
the best flights for your trip to Berlin. Choose the best airline for you by readingÂ ..."
353,flights to berlin,"Looking for cheap Labor Day flights to Berlin? Compare prices from hundreds of 
major airlines Delta, United, American, etc. & travel agencies for cheap BerlinÂ ..."
354,flights to berlin,"ğ—™ğ—¹ğ—¶ğ—´ğ—µğ˜ğ˜€ ğ˜ğ—¼ Berlin from airlines such as ğ—”ğ—ºğ—²ğ—¿ğ—¶ğ—°ğ—®ğ—» ğ—”ğ—¶ğ—¿ğ—¹ğ—¶ğ—»ğ—²ğ˜€, ğ——ğ—²ğ—¹ğ˜ğ—®, 
ğ—¨ğ—»ğ—¶ğ˜ğ—²ğ—±, ğ—ğ—²ğ˜ğ—•ğ—¹ğ˜‚ğ—², ğ—™ğ—¿ğ—¼ğ—»ğ˜ğ—¶ğ—²ğ—¿, and more. ğ—•ğ—¼ğ—¼ğ—¸ ğ˜†ğ—¼ğ˜‚ğ—¿ ğ—³ğ—¹ğ—¶ğ—´ğ—µğ˜ +Â ..."
355,flights to berlin,"Book your next city break in Berlin now. Find cheap hotels in Berlin and book 
your cheap flights to Berlin today with Skyscanner."
356,flights to berlin,"from Glasgow, one way in November. Over 50 seats as at 26/08. Search more 
cheap flights to Berlin Schoenefeld from other airports at our travel guide pages."
357,flights to berlin,"Book your flights to Berlin, Germany BER. Lufthansa USA offers Germany flights 
to cities like Hamburg, Berlin, Cologne, Stuttgart, Frankfurt, Dresden."
358,flights to berlin,"Germany's capital is as vibrant as they come. If you want a city break that's 
steeped in culture, history and a lively nightlife, book cheap flights to Berlin 
Germany,Â ..."
359,flights to berlin,"Looking for flights to Berlin? Search 1000+ airlines and travel sites with 
momondo and get the cheapest flights to Berlin."
360,flights to berlin,"Low-cost flights to Berlin-Tegel (TXL) âœˆâœˆâœˆ Book your flights online for fares as 
low as â‚¬24.99* âœ“ No hidden extra costs âœ“ Eurowings."
361,flights to madrid,"Find flights to Madrid on Lufthansa, Finnair, Air Europa and more. Fly round-trip 
from New York from $237, from Chicago from $398, from Los Angeles from $331,
Â ..."
362,flights to madrid,"Book Cheap Flights to Madrid: Search and compare airfares on TripAdvisor to 
find the best flights for your trip to Madrid. Choose the best airline for you byÂ ..."
363,flights to madrid,"Compare Cheap Flights to Madrid. Find flight deals on major airlines KLM, 
Norwegian, Delta, British Airways & more. Madrid is the heart of culture andÂ ..."
364,flights to madrid,"Fligths to Madrid (MAD) with Iberia. Consult our best offers to Madrid (MAD) and 
purchase your tickets with the assurance offered by Iberia.com USA."
365,flights to madrid,"Looking for flights to Madrid? Search 1000+ airlines and travel sites with 
momondo and get the cheapest flights to Madrid."
366,flights to madrid,"Flights to Madrid from airlines such as American Airlines, Delta, United, JetBlue, 
Frontier, and more. Book your flight + hotel to save up to 100% on your flight."
367,flights to madrid,"Looking for great deals on flights to Madrid? Always find the cheapest fares to 
over 200 destinations in Europe with Ryanair's Fare Finder!"
368,flights to madrid,"Flights to Madrid. We compare all major airlines and travel agents for cheap 
Madrid flights. Search and Save now at Skyscanner.net."
369,flights to madrid,"from Bristol, one way in November. Over 50 seats as at 31/08. Search more 
cheap flights to Madrid from other airports at our travel guide pages."
370,flights to madrid,"Fly to Madrid and get exclusive offers on cheap flights with eDreams.com. Search 
for and book your next holiday to Madrid now!"
371,flights to johor bahru,"Find airlines with flights to Johor Bahru Airport, JHB. Compare all major airlines & 
travel agents to get the cheapest airfare to Johor Bahru at Skyscanner.com."
372,flights to johor bahru,"Book your flight to Johor with AirAsia, discover new destinations and expand your 
passion for travel. Our discount ... Shanghai - Pudong - Johor Bahru Flights."
373,flights to johor bahru,"Official Senai Airport website - flight arrivals & departure, timetable, cargo, travel 
information, services and company ... A Malaysia airport located in Johor state."
374,flights to johor bahru,"Looking for cheap air tickets to Johor Bahru in 2019? âœ… Compare prices on 
Expedia to get the best flight deals and promotions for Johor Bahru flights before 
youÂ ..."
375,flights to johor bahru,"Book Cheap Flights to Johor Bahru: Search and compare airfares on TripAdvisor 
to find the best flights for your trip to Johor Bahru. Choose the best airline forÂ ..."
376,flights to johor bahru,"Official Senai Airport website - flight arrivals & departure, timetable, cargo, travel 
information, services and company information. A Malaysia airport located inÂ ..."
377,flights to johor bahru,"Fly to Johor Bahru Now. Johor Bahru is the capital city of Johor on the 
southernmost tip of Peninsular Malaysia, located just across the causeway north 
ofÂ ..."
378,flights to johor bahru,"Looking for cheap flights to Johor Bahru, Malaysia from your destination? Search 
for airfare and flight ticket deals at cheapflights.com and book your next flightÂ ..."
379,flights to johor bahru,"Johor Bahru Flight Tickets from 100s of airlines and travel agents. Flexible on 
when you fly to Johor Bahru? Use the month view tool to find the cheapest flights 
toÂ ..."
380,flights to johor bahru,"ğ—™ğ—¹ğ—¶ğ—´ğ—µğ˜ğ˜€ ğ˜ğ—¼ Johor Bahru from airlines such as ğ—”ğ—ºğ—²ğ—¿ğ—¶ğ—°ğ—®ğ—» ğ—”ğ—¶ğ—¿ğ—¹ğ—¶ğ—»ğ—²ğ˜€, 
ğ——ğ—²ğ—¹ğ˜ğ—®, ğ—¨ğ—»ğ—¶ğ˜ğ—²ğ—±, ğ—ğ—²ğ˜ğ—•ğ—¹ğ˜‚ğ—², ğ—™ğ—¿ğ—¼ğ—»ğ˜ğ—¶ğ—²ğ—¿, and more. ğ—•ğ—¼ğ—¼ğ—¸ ğ˜†ğ—¼ğ˜‚ğ—¿Â ..."
381,flights to johannesburg,"Find flights to Johannesburg on Lufthansa, Virgin Atlantic, SWISS and more. Fly 
round-trip from New York from $682, from Chicago from $690, from WashingtonÂ ..."
382,flights to johannesburg,"Cheap flights to Johannesburg are now available! Get tickets now so you can 
lose yourself in the spellbinding mystique of this sassy metropolis and finallyÂ ..."
383,flights to johannesburg,"Flights to Johannesburg from airlines such as American Airlines, Delta, United, 
JetBlue, Frontier, and more. Book your flight + hotel to save up to 100% on yourÂ ..."
384,flights to johannesburg,"Book Cheap Flights to Johannesburg: Search and compare airfares on 
TripAdvisor to find the best flights for your trip to Johannesburg. Choose the best 
airlineÂ ..."
385,flights to johannesburg,"Find cheap flights to Johannesburg O.R. Tambo (JNB) in 2019 using 
Skyscanner's flight comparison tool. We compare all major airlines and travel 
agents forÂ ..."
386,flights to johannesburg,"Flights to Johannesburg. We compare all major airlines and travel agents for 
cheap Johannesburg flights. Search and Save now at Skyscanner.net."
387,flights to johannesburg,"Looking for cheap flights to Johannesburg, South Africa from your destination? 
Search for airfare and flight ticket deals at cheapflights.com and book your nextÂ ..."
388,flights to johannesburg,"Johannesburg, the glittering city of gold, has become everybody's darling in the 
past few months. Joburg is South Africa's brashest, boldest city with a zing andÂ ..."
389,flights to johannesburg,"There are Johannesburg flights to fit all holiday plans. Select your travel dates 
and compare our flights deals to Johannesburg."
390,flights to johannesburg,"Find flights to Johannesburg on RwandAir, Kenya Airways, Etihad Airways and 
more. Fly return from Inverness from Â£454, from Cardiff from Â£467, from LondonÂ ..."
391,flights to riyadh,"Flights to Riyadh from airlines such as American Airlines, Delta, United, JetBlue, 
Frontier, and more. Book your flight + hotel to save up to 100% on your flight."
392,flights to riyadh,"Find flights to Riyadh on Royal Jordanian, SAUDIA, Egypt Air and more. Fly 
round-trip from New York from $901, from Chicago from $839, from Los Angeles
Â ..."
393,flights to riyadh,"Looking for cheap flights to Riyadh, Saudi Arabia from your destination? Search 
for airfare and flight ticket deals at cheapflights.com and book your next flightÂ ..."
394,flights to riyadh,"Book Cheap Flights to Riyadh: Search and compare airfares on TripAdvisor to 
find the best flights for your trip to Riyadh. Choose the best airline for you byÂ ..."
395,flights to riyadh,"Book cheap International flights to Riyadh at MakeMyTrip India. Best airfares 
deals on Riyadh airlines tickets. Online booking of cheap Riyadh flight ticket atÂ ..."
396,flights to riyadh,"Looking for cheap flights to Riyadh? We've got your flights to the Kingdom's 
capital all here! Riyadh is home to the National Museum of Saudi Arabia, theÂ ..."
397,flights to riyadh,"Cheap Flights to Riyadh Airport. Riyadh, Saudi Arabia, is a city often visited for 
business and for the pilgrimage to Mecca. Regardless of your reason for traveling
Â ..."
398,flights to riyadh,"Flights to Riyadh. We compare all major airlines and travel agents for cheap 
Riyadh flights. Search and Save now at Skyscanner.net."
399,flights to riyadh,"Grab cheap flights to Riyadh (RUH) on CheapOair? Search hundreds of airlines 
for the cheapest tickets to Riyadh, Saudi Arabia. Use promo codes at checkoutÂ ..."
400,flights to riyadh,"Riyadh Flights: Book cheap flights to Riyadh, Saudi Arabia with Wego.com. 
Compare airline tickets & best flight deals. Find the lowest airfare now!"
401,flights to ho chi minh city,"Find flights to Ho Chi Minh City on XiamenAir, Hong Kong Airlines, Air China and 
more. Fly round-trip from San Francisco from $414, from New York from $440,Â ..."
402,flights to ho chi minh city,"Book Cheap Flights to Ho Chi Minh City: Search and compare airfares on 
TripAdvisor to find the best flights for your trip to Ho Chi Minh City. Choose the 
bestÂ ..."
403,flights to ho chi minh city,"Flights to Ho Chi Minh City from airlines such as American Airlines, Delta, United, 
JetBlue, Frontier, and more. Book your flight + hotel to save up to 100% onÂ ..."
404,flights to ho chi minh city,"Ho Chi Minh City Airport (SGN) Live Flight Status â€“ Departures .... 07:00, 07:00, 
Dong Hoi (VDH), Vietnam Airlines VN 1400, On-Time. 07:00, 07:00, HaiphongÂ ..."
405,flights to ho chi minh city,"Find flights to Ho Chi Minh City with United. Discover a modern travel experience 
featuring premium cabins and speedy Wi-Fi."
406,flights to ho chi minh city,"Looking for cheap flights to Ho Chi Minh City, Vietnam from your destination? 
Search for airfare and flight ticket deals at cheapflights.com and book your nextÂ ..."
407,flights to ho chi minh city,"Find cheap Singapore to Ho Chi Minh City flights âœˆï¸ on Skyscanner. No hidden 
charges âœ… Flight price tracking âœ… Book cheap flights to Ho Chi Minh City (SGN)Â ..."
408,flights to ho chi minh city,"Find cheap flights to Ho Chi Minh City (SGN) in 2019 using Skyscanner's flight 
comparison tool. We compare all major airlines and travel agents for flights to Ho
Â ..."
409,flights to ho chi minh city,"Flights to Ho Chi Minh City. We compare all major airlines and travel agents for 
cheap Ho Chi Minh City flights. Search and Save now at Skyscanner.net."
410,flights to ho chi minh city,"Are you looking for a flight to Ho Chi Minh City? Use the Opodo flight comparison 
tool to find the cheapest Ho Chi Minh City flights and last minute deals!"
411,flights to venice,"Book Cheap Flights to Venice: Search and compare airfares on TripAdvisor to 
find the best flights for your trip to Venice. Choose the best airline for you byÂ ..."
412,flights to venice,"Find flights to Venice on Lufthansa, TAP AIR PORTUGAL, Air Europa and more. 
Fly round-trip from New York from $266, from Los Angeles from $419, fromÂ ..."
413,flights to venice,"Flights to Venice from airlines such as American Airlines, Delta, United, JetBlue, 
Frontier, and more. Book your flight + hotel to save up to 100% on your flight."
414,flights to venice,"Cheap Flights to Venice. From its grand historic palaces to its alluring canals, the 
mystique of Venice is legendary. Gliding along ancient waterways is just aÂ ..."
415,flights to venice,"Looking for great deals on flights to Venice? Always find the cheapest fares to 
over 200 destinations in Europe with Ryanair's Fare Finder!"
416,flights to venice,"from Bristol, one way in December. Over 50 seats as at 31/08. Search more 
cheap flights to Venice Marco Polo from other airports at our travel guide pages."
417,flights to venice,"Looking for Flights to Venice? We compare all major airlines and travel agents for 
cheap Venice flights. Search and Save now at Skyscanner.net."
418,flights to venice,"Compare and book cheap flights to Venice. Expedia finds you the best deals on 
flights to Venice by searching and comparing tickets from different airlines andÂ ..."
419,flights to venice,"Venice is unique and one of Europe's most romantic and beautiful getaway 
destinations. Venice flights will whisk you away to a city filled with beautiful 
bridges,Â ..."
420,flights to venice,"Information about flights on venice Airport Marco Polo. Here you will find 
informations, rules, airlines, baggage and luggage size and restrictions. Plan 
your flight!"
421,flights to orlando,"Find flights to Orlando on Spirit Airlines, Frontier and more. Fly round-trip from 
Charlotte from $53, from Raleigh from $62, from Atlanta from $62, from Austin 
fromÂ ..."
422,flights to orlando,"Book Cheap Flights to Orlando: Search and compare airfares on TripAdvisor to 
find the best flights for your trip to Orlando. Choose the best airline for you byÂ ..."
423,flights to orlando,"Flights to Orlando from airlines such as American Airlines, Delta, United, JetBlue, 
Frontier, and more. Book your flight + hotel to save up to 100% on your flight."
424,flights to orlando,"Looking for cheap flights to Orlando? Browse through our last minute MCO flights 
and save up to 40% with our hot rate flight deals. Book with Hotwire today!"
425,flights to orlando,"Looking for cheap flights to Orlando, Florida (FL) from your destination? Search 
for airfare and flight ticket deals at cheapflights.com and book your next flightÂ ..."
426,flights to orlando,"Looking for cheap Labor Day flights to Orlando? Compare prices from hundreds 
of major airlines Delta, United, American, etc. & travel agencies for cheapÂ ..."
427,flights to orlando,"Looking for flights to Orlando? Orbitz offers cheap Orlando (ORL, MCO, SFB) 
flights from a variety of airlines and airfares."
428,flights to orlando,"Cheap flights to Orlando - International (United States) âœˆ Compare airfares for 
Orlando - International flights âœˆ Find the best deals and save now with Jetcost."
429,flights to orlando,"Orlando. EWR MCO. from. Fri, 10/11 - Mon, 10/14. $254. Boston. EWR BOS. from. 
Fri, 10/11 - Mon, 10/14. $127. Seattle. JFK SEA. from. Fri, 10/11 - Mon, 10/14."
430,flights to orlando,"Search for a cheap flight to Orlando, a vacation taker's paradise. Make memories 
with your family at the country's best theme parks."
431,flights to chennai,"Find flights to Chennai on Kuwait Airways, Singapore Airlines, Qatar Airways and 
more. Fly round-trip from San Francisco from $613, from New York from $609,Â ..."
432,flights to chennai,"Flights to Chennai from airlines such as American Airlines, Delta, United, JetBlue, 
Frontier, and more. Book your flight + hotel to save up to 100% on your flight."
433,flights to chennai,"Find cheap flights to Chennai (MAA) in 2019 using Skyscanner's flight 
comparison tool. We compare all major airlines and travel agents for flights to 
ChennaiÂ ..."
434,flights to chennai,"Book Cheap Flights to Chennai (Madras): Search and compare airfares on 
TripAdvisor to find the best flights for your trip to Chennai (Madras). Choose the 
bestÂ ..."
435,flights to chennai,"About Chennai. Chennai is the capital of Tamil Nadu, situated on the 
Coromandel Coast along the Bay of Bengal. It is the fifth largest urbane 
settlement in India,Â ..."
436,flights to chennai,"Looking for cheap flights to Chennai, India from your destination? Search for 
airfare and flight ticket deals at cheapflights.com and book your next flight today."
437,flights to chennai,"Cheap Flights to Chennai, India - Call to book tickets to Chennai (800) 737-2238 
and cheap Chennai airfares with ASAP Tickets and enjoy your savings onÂ ..."
438,flights to chennai,"Book Hyderabad to Chennai flight ticket at cheap airfares. Get the cheapest 
Hyderabad Chennai flights only on Makemytrip. âœ… ğ…ğ¥ğšğ­ ğ‘ğ¬.ğŸ“ğŸğŸ ğğ…ğ…Â ..."
439,flights to chennai,"Use our best fare finder to book your journey to Chennai on lufthansa.com and 
save hard cash. In order to find the best-value flights, simply use our best fareÂ ..."
440,flights to chennai,"Cheap Flights to Chennai: Enter your dates once and have TripAdvisor search 
multiple sites to find the best prices on Chennai flights."
441,flights to jaipur,"Book Cheap Flights to Jaipur: Search and compare airfares on TripAdvisor to find 
the best flights for your trip to Jaipur. Choose the best airline for you by readingÂ ..."
442,flights to jaipur,"Find flights to Jaipur on Air India and more. Fly round-trip from San Francisco 
from $967, from New York from $968, from Chicago from $912, from Los Angeles
Â ..."
443,flights to jaipur,"Get flight schedules and book low airfare Jaipur flight tickets at MakeMyTrip.com 
with all major domestic airlines: Air India, Indigo Airlines, Jet Airways, SpiceJet,Â ..."
444,flights to jaipur,"Jaipur International Airport (IATA: JAI, ICAO: VIJP) is the primary airport serving 
Jaipur, the ... Jaipur Airport is the 11th busiest airport in India in daily scheduled 
flight operations. It is located in the southern suburb of Sanganer, 13 km (8.1 mi)
Â ..."
445,flights to jaipur,"Jaipur Flight Tickets from 100s of airlines and travel agents. Flexible on when you 
fly to Jaipur? Use the month view tool to find the cheapest flights to Jaipur orÂ ..."
446,flights to jaipur,"Looking for Flights to Jaipur Airport? We compare all major airlines and travel 
agents for cheap Jaipur flights. Search and Save now at Skyscanner.net."
447,flights to jaipur,"Find cheap flights to Jaipur and get the cheapest airline fares. Compare 
hundreds of airlines to find the best deals for flight tickets."
448,flights to jaipur,"Book cheap flights to Jaipur at Yatra.com. Check offers to find lowest airfare 
flights to Jaipur to popular cities in India."